{"Obj_0": 0.008333333333333333, "_timestamp": 1686294481, "_runtime": 4353, "_step": 3689, "Obj_1": 3.5833333333333335, "Discriminator Loss": 0.039589397609233856, "Fake Accuracy": 0.98046875, "Real Accuracy": 0.99609375, "Returns": -405.43457198143005}