{"Obj_0": 5.349999999999997, "_timestamp": 1686234009, "_runtime": 3429, "_step": 22287, "Obj_1": 0.0, "Returns": 0.4900000000000004, "_wandb": {"runtime": 3427}}