{"Obj_0": 0.008333333333333333, "_timestamp": 1681040257, "_runtime": 83612, "_step": 50669, "Obj_1": 5.25, "True_returns": 5.25, "AIRL_Returns": -973.498969078064, "_wandb": {"runtime": 83611}}