{"Obj_0": 4.158333333333331, "_timestamp": 1686230496, "_runtime": 921, "_step": 5375, "Obj_1": 0.5, "Returns": 1.4400000000000004, "_wandb": {"runtime": 919}}