{"Obj_0": 0.08333333333333333, "_timestamp": 1686291354, "_runtime": 3389, "_step": 16407, "Obj_1": 6.083333333333333, "Returns": 70.29999999999998}