{"Obj_0": 0.03333333333333333, "_timestamp": 1686268716, "_runtime": 12565, "_step": 47291, "Obj_1": 5.666666666666667, "Returns": 70.0, "_wandb": {"runtime": 12562}}