{"Obj_0": 4.841666666666665, "_timestamp": 1686239034, "_runtime": 4045, "_step": 24051, "Obj_1": 0.08333333333333333, "Returns": 0.5900000000000004, "_wandb": {"runtime": 4045}}