{"Obj_0": 0.056756756756756746, "_timestamp": 1686316821, "_runtime": 396, "_step": 19, "Obj_1": 0.35135135135135137, "True Return": 3.570270270270271, "Discriminator Loss": 1.1845451593399048, "Fake Accuracy": 0.0, "Real Accuracy": 1.0, "AIRL Returns": 162.38828897476196}