{"Obj_0": 0.17500000000000004, "_timestamp": 1680862650, "_runtime": 11531, "_step": 47291, "Obj_1": 5.916666666666667, "Returns": 6.0, "_wandb": {"runtime": 11529}}