{"Obj_0": 0.0, "_timestamp": 1686403385, "_runtime": 14939, "_step": 30754, "Obj_1": 5.833333333333333, "True_returns": 58.333333333333336, "AIRL_Returns": -605.895574092865}