{"Obj_0": 0.05833333333333334, "_timestamp": 1686251877, "_runtime": 12671, "_step": 27775, "Obj_1": 4.333333333333333, "Returns": 600.0}