{"Obj_0": 0.0, "_timestamp": 1686413039, "_runtime": 6866, "_step": 36479, "Obj_1": 6.333333333333333, "True_returns": 63.333333333333336, "AIRL_Returns": -2161.6324710845947, "_wandb": {"runtime": 6864}}