{"Obj_0": 0.17500000000000002, "_timestamp": 1686311786, "_runtime": 14790, "_step": 71889, "Obj_1": 6.166666666666667, "Returns": 70.0, "_wandb": {"runtime": 14787}}