{"Obj_0": 0.041666666666666664, "_timestamp": 1680956552, "_runtime": 119, "_step": 14, "Obj_1": 2.0, "True_returns": 2.0, "Returns": -2775.630533218384}