{"Obj_0": 0.03333333333333333, "_timestamp": 1686236094, "_runtime": 538, "_step": 139, "Obj_1": 1.5833333333333333, "Returns": 200.0}